hgnc_symbol,ensembl_gene_id,chromosome,chromosome_start,chromosome_end,mutated_from_allele,mutated_to_allele
KRAS,ENSG00000133703,12,25398284,25398284,C,T
KRAS,ENSG00000133703,12,25398284,25398284,C,A
KRAS,ENSG00000133703,12,25398285,25398285,C,G
TP53,ENSG00000141510,17,7578406,7578406,C,T
TP53,ENSG00000141510,17,7578406,7578406,C,T
TP53,ENSG00000141510,17,7578556,7578556,T,C
TP53,ENSG00000141510,17,7578461,7578461,C,A
TP53,ENSG00000141510,17,7578190,7578190,T,C
KRAS,ENSG00000133703,12,25380275,25380275,T,G
TP53,ENSG00000141510,17,7578406,7578406,C,T
